slug,keywords,product_key,title,description
best-boost-average-order-value-shopify-for-shopify-store-owners,"best boost average order value Shopify for Shopify store owners",icart,,
best-boost-average-order-value-shopify-for-shopify-merchants,"best boost average order value Shopify for Shopify merchants",icart,,
best-boost-average-order-value-shopify-for-small-businesses,"best boost average order value Shopify for small businesses",icart,,
best-boost-average-order-value-shopify-to-increase-aov,"best boost average order value Shopify to increase AOV",icart,,
best-boost-average-order-value-shopify-to-boost-sales,"best boost average order value Shopify to boost sales",icart,,
best-boost-average-order-value-shopify-2025,"best boost average order value Shopify 2025",icart,,
best-boost-average-order-value-shopify-with-product-bundling,"best boost average order value Shopify with product bundling",icart,,
best-boost-average-order-value-shopify-with-gift-wrap-add-on,"best boost average order value Shopify with gift wrap add-on",icart,,
best-boost-average-order-value-shopify-without-coding,"best boost average order value Shopify without coding",icart,,
best-boost-average-order-value-shopify-with-free-trial,"best boost average order value Shopify with free trial",icart,,
